{"cameraMode":{"drawMode":0,"name":"Shaded","section":"Shading Mode"},"sceneLighting":true,"audioPlay":false,"sceneViewState":{"showFog":true,"showMaterialUpdate":false,"showSkybox":true,"showFlares":true,"showImageEffects":true,"showParticleSystems":true},"in2DMode":false,"pivot":{"x":-4.6354827880859379,"y":-35.23189163208008,"z":5.580732345581055},"rotation":{"x":0.5183717608451843,"y":0.4814821183681488,"z":-0.5082158446311951,"w":0.4911158084869385},"size":39.9116325378418,"orthographic":false}